PLAYER_ID,RANK,PLAYER,TEAM_ID,TEAM,GP,MIN,FGM,FGA,FG_PCT,FG3M,FG3A,FG3_PCT,FTM,FTA,FT_PCT,OREB,DREB,REB,AST,STL,BLK,TOV,PF,PTS,EFF,AST_TOV,STL_TOV
1629632,1,coby white,1610612741,CHI,44,1560,292,642,0.455,123,310,0.397,111,136,0.816,21,176,197,216,29,13,93,105,818,805,2.32,0.31
201942,2,demar derozan,1610612741,CHI,42,1554,323,701,0.461,41,121,0.339,234,276,0.848,24,145,169,224,46,28,60,91,921,908,3.73,0.77
203944,3,julius randle,1610612752,NYK,43,1531,372,788,0.472,70,233,0.3,222,288,0.771,91,307,398,211,24,12,149,118,1036,1050,1.42,0.16
1630567,4,scottie barnes,1610612761,TOR,43,1506,327,680,0.481,87,237,0.367,125,169,0.74,97,262,359,244,59,63,113,89,866,1081,2.16,0.52
1630178,5,tyrese maxey,1610612755,PHI,40,1503,356,794,0.448,126,333,0.378,200,233,0.858,23,123,146,266,43,22,63,85,1038,981,4.22,0.68
1627832,6,fred vanvleet,1610612745,HOU,40,1481,228,561,0.406,123,317,0.388,111,128,0.867,16,135,151,341,41,32,64,88,690,841,5.33,0.64
203076,7,anthony davis,1610612747,LAL,41,1480,390,700,0.557,14,44,0.318,239,295,0.81,129,369,498,154,51,102,92,106,1033,1380,1.67,0.55
1631094,8,paolo banchero,1610612753,ORL,42,1469,340,756,0.45,58,166,0.349,215,306,0.703,52,245,297,205,44,26,135,88,953,883,1.52,0.33
1628973,9,jalen brunson,1610612752,NYK,41,1468,382,805,0.475,117,274,0.427,207,249,0.831,26,135,161,268,40,8,100,87,1088,1000,2.68,0.4
1627749,10,dejounte murray,1610612737,ATL,42,1456,343,729,0.471,97,254,0.382,102,123,0.829,28,176,204,209,57,12,92,72,885,868,2.27,0.62
1627734,11,domantas sabonis,1610612758,SAC,41,1445,332,541,0.614,19,46,0.413,143,214,0.668,134,383,517,327,33,23,134,131,826,1312,2.44,0.25
1628969,12,mikal bridges,1610612751,BKN,41,1424,305,678,0.45,86,247,0.348,177,211,0.839,37,177,214,152,36,19,96,67,873,791,1.58,0.38
1629027,13,trae young,1610612737,ATL,39,1416,324,767,0.422,128,352,0.364,273,318,0.858,20,97,117,421,54,9,168,78,1049,994,2.51,0.32
1628983,14,shai gilgeous-alexander,1610612760,OKC,41,1415,452,823,0.549,46,141,0.326,324,363,0.893,34,196,230,257,91,32,82,105,1274,1392,3.13,1.11
203507,15,giannis antetokounmpo,1610612749,MIL,40,1409,462,759,0.609,16,69,0.232,307,459,0.669,108,347,455,241,53,44,147,116,1247,1444,1.64,0.36
203999,16,nikola jokic,1610612743,DEN,42,1407,422,724,0.583,43,123,0.35,193,235,0.821,125,376,501,383,48,38,124,111,1080,1582,3.09,0.39
1628369,17,jayson tatum,1610612738,BOS,39,1398,357,756,0.472,120,327,0.367,216,266,0.812,35,291,326,173,38,19,102,82,1050,1055,1.7,0.37
1627783,18,pascal siakam,1610612754,IND,40,1389,334,637,0.524,47,148,0.318,171,229,0.747,54,198,252,193,33,10,84,92,886,929,2.3,0.39
203081,19,damian lillard,1610612749,MIL,39,1374,293,680,0.431,119,335,0.355,289,313,0.923,21,148,169,268,41,6,95,65,994,972,2.82,0.43
1630180,20,saddiq bey,1610612737,ATL,42,1364,181,440,0.411,73,234,0.312,93,113,0.823,104,165,269,55,41,6,41,68,528,579,1.34,1.0
202699,21,tobias harris,1610612755,PHI,40,1363,268,525,0.51,51,137,0.372,125,139,0.899,41,201,242,126,39,22,61,66,712,809,2.07,0.64
1630162,22,anthony edwards,1610612750,MIN,39,1356,349,748,0.467,94,248,0.379,218,260,0.838,26,183,209,196,49,22,135,73,1010,910,1.45,0.36
1626157,23,karl-anthony towns,1610612750,MIN,41,1349,314,615,0.511,83,193,0.43,173,193,0.896,61,302,363,124,31,22,113,140,884,990,1.1,0.27
1629008,24,michael porter,1610612743,DEN,43,1348,268,555,0.483,120,297,0.404,46,60,0.767,54,253,307,61,20,32,44,85,702,777,1.39,0.46
203497,25,rudy gobert,1610612750,MIN,41,1347,203,324,0.627,0,2,0.0,135,215,0.628,144,368,512,50,27,87,68,119,541,948,0.73,0.4
203471,26,dennis schroder,1610612761,TOR,43,1343,217,479,0.453,68,189,0.36,99,116,0.853,18,96,114,274,35,5,65,90,601,685,4.21,0.54
2544,27,lebron james,1610612747,LAL,39,1340,362,696,0.52,83,212,0.392,156,213,0.732,37,247,284,292,53,23,131,41,963,1093,2.23,0.41
1630578,28,alperen sengun,1610612745,HOU,41,1335,355,660,0.538,24,83,0.289,164,230,0.713,110,263,373,200,50,32,105,135,898,1077,1.91,0.48
203484,29,kentavious caldwell-pope,1610612743,DEN,41,1327,146,319,0.458,62,153,0.405,60,66,0.909,18,77,95,102,59,22,41,76,414,472,2.49,1.44
1629622,29,max strus,1610612739,CLE,40,1327,185,463,0.4,103,307,0.336,43,53,0.811,30,167,197,153,36,22,66,108,516,570,2.32,0.55
202331,31,paul george,1610612746,LAC,38,1322,319,681,0.468,139,330,0.421,133,146,0.911,23,187,210,141,62,13,80,112,910,881,1.76,0.78
201572,32,brook lopez,1610612749,MIL,42,1321,205,421,0.487,69,209,0.33,62,77,0.805,60,163,223,67,26,121,36,112,541,711,1.86,0.72
201950,33,jrue holiday,1610612738,BOS,39,1313,194,426,0.455,77,184,0.418,46,56,0.821,58,183,241,179,32,29,74,64,511,676,2.42,0.43
202696,34,nikola vucevic,1610612741,CHI,39,1311,282,603,0.468,42,157,0.268,51,59,0.864,103,308,411,137,29,29,62,102,657,872,2.21,0.47
1627759,35,jaylen brown,1610612738,BOS,39,1308,345,702,0.491,85,236,0.36,124,170,0.729,36,165,201,135,42,24,99,103,899,799,1.36,0.42
1628384,36,og anunoby,1610612752,NYK,38,1304,217,438,0.495,81,212,0.382,57,72,0.792,38,125,163,87,41,26,57,90,572,596,1.53,0.72
1630559,37,austin reaves,1610612747,LAL,43,1297,225,459,0.49,65,191,0.34,129,148,0.872,35,145,180,224,37,5,91,76,644,746,2.46,0.41
1627742,38,brandon ingram,1610612740,NOP,39,1293,309,633,0.488,55,154,0.357,164,202,0.812,23,165,188,221,33,17,95,88,837,839,2.33,0.35
1629029,39,luka doncic,1610612742,DAL,35,1287,400,824,0.485,137,364,0.376,238,306,0.778,24,265,289,321,49,21,138,60,1175,1225,2.33,0.35
1628398,40,kyle kuzma,1610612764,WAS,41,1280,350,771,0.454,94,276,0.341,105,133,0.789,44,218,262,174,19,24,108,80,899,821,1.61,0.18
1630217,41,desmond bane,1610612763,MEM,37,1277,330,696,0.474,123,320,0.384,121,140,0.864,34,135,169,196,38,20,99,106,904,843,1.98,0.38
1631095,42,jabari smith,1610612745,HOU,40,1267,201,424,0.474,68,178,0.382,76,94,0.809,78,270,348,58,23,31,49,116,546,716,1.18,0.47
1631096,43,chet holmgren,1610612760,OKC,42,1264,273,504,0.542,68,176,0.386,113,142,0.796,60,241,301,118,27,105,72,115,727,946,1.64,0.38
1628991,44,jaren jackson,1610612763,MEM,40,1261,294,647,0.454,72,217,0.332,207,247,0.838,51,176,227,73,36,66,78,141,867,798,0.94,0.46
1627752,45,taurean prince,1610612747,LAL,41,1256,143,336,0.426,87,225,0.387,28,38,0.737,11,105,116,74,36,19,37,92,401,406,2.0,0.97
201142,46,kevin durant,1610612756,PHX,34,1254,344,655,0.525,75,161,0.466,218,247,0.883,16,196,212,193,30,39,111,61,981,1004,1.74,0.27
1631114,47,jalen williams,1610612760,OKC,39,1252,283,517,0.547,54,118,0.458,114,138,0.826,23,138,161,175,43,20,73,106,734,802,2.4,0.59
1629640,48,keldon johnson,1610612759,SAS,40,1250,245,543,0.451,76,218,0.349,120,154,0.779,52,184,236,140,33,9,67,99,686,705,2.09,0.49
1628368,49,de'aaron fox,1610612758,SAC,35,1247,346,739,0.468,114,287,0.397,170,237,0.717,32,114,146,202,56,13,90,89,976,843,2.24,0.62
202695,50,kawhi leonard,1610612746,LAC,36,1243,319,613,0.52,83,188,0.441,135,154,0.877,37,182,219,130,61,30,57,57,856,926,2.28,1.07
1630595,51,cade cunningham,1610612765,DET,36,1241,307,684,0.449,67,200,0.335,141,162,0.87,16,130,146,261,35,12,136,100,822,742,1.92,0.26
1630224,52,jalen green,1610612745,HOU,41,1239,235,591,0.398,85,263,0.323,147,183,0.803,15,173,188,129,24,12,89,55,702,574,1.45,0.27
1631110,53,jeremy sochan,1610612759,SAS,42,1236,185,421,0.439,42,112,0.375,68,86,0.791,67,170,237,167,31,18,81,103,480,598,2.06,0.38
201939,54,stephen curry,1610612744,GSW,37,1229,313,702,0.446,167,421,0.397,195,211,0.924,17,139,156,181,32,15,113,68,988,854,1.6,0.28
203924,55,jerami grant,1610612757,POR,36,1222,275,597,0.461,81,198,0.409,154,193,0.798,25,104,129,87,27,26,75,81,785,618,1.16,0.36
1628401,56,derrick white,1610612738,BOS,38,1218,207,439,0.472,103,250,0.412,94,104,0.904,26,123,149,187,41,43,63,84,611,726,2.97,0.65
1631099,57,keegan murray,1610612758,SAC,37,1214,228,486,0.469,90,242,0.372,52,65,0.8,51,154,205,59,43,20,33,95,598,621,1.79,1.3
1628960,58,grayson allen,1610612756,PHX,36,1201,167,332,0.503,100,208,0.481,63,70,0.9,28,124,152,107,33,24,53,78,497,588,2.02,0.62
203915,59,spencer dinwiddie,1610612751,BKN,39,1200,167,425,0.393,77,237,0.325,114,145,0.786,23,118,141,237,34,7,58,67,525,597,4.09,0.59
201144,60,mike conley,1610612750,MIN,41,1196,151,339,0.445,96,219,0.438,48,52,0.923,15,98,113,264,39,7,44,69,446,633,6.0,0.89
203084,61,harrison barnes,1610612758,SAC,41,1192,147,310,0.474,69,175,0.394,70,87,0.805,34,80,114,52,27,6,30,52,433,422,1.73,0.9
201935,62,james harden,1610612746,LAC,35,1190,176,389,0.452,95,227,0.419,146,167,0.874,11,149,160,295,43,30,93,73,593,794,3.17,0.46
203932,63,aaron gordon,1610612743,DEN,37,1189,204,374,0.545,20,70,0.286,81,130,0.623,100,148,248,118,30,20,51,66,509,655,2.31,0.59
202691,64,klay thompson,1610612744,GSW,39,1187,235,554,0.424,130,337,0.386,74,82,0.902,22,115,137,92,19,20,65,72,674,550,1.42,0.29
1628404,65,josh hart,1610612752,NYK,42,1181,121,273,0.443,38,116,0.328,29,36,0.806,53,219,272,113,31,9,51,81,309,524,2.22,0.61
1631170,66,jaime jaquez,1610612748,MIA,39,1179,212,413,0.513,41,116,0.353,82,98,0.837,49,103,152,105,42,10,67,96,547,572,1.57,0.63
1627736,67,malik beasley,1610612749,MIL,40,1174,169,344,0.491,116,246,0.472,12,16,0.75,26,135,161,54,29,5,27,83,466,509,2.0,1.07
1629673,68,jordan poole,1610612764,WAS,40,1168,245,588,0.417,79,256,0.309,113,130,0.869,16,76,92,142,41,13,89,122,682,521,1.6,0.46
203501,69,tim hardaway,1610612742,DAL,39,1156,240,574,0.418,126,348,0.362,100,114,0.877,14,128,142,66,17,1,38,57,706,546,1.74,0.45
1626145,69,tyus jones,1610612764,WAS,41,1156,214,417,0.513,64,155,0.413,21,28,0.75,13,106,119,239,49,13,35,31,513,688,6.83,1.4
1626156,71,d'angelo russell,1610612747,LAL,39,1153,233,492,0.474,88,217,0.406,64,82,0.78,12,94,106,237,32,19,76,77,618,659,3.12,0.42
1630529,72,herbert jones,1610612740,NOP,40,1152,150,312,0.481,51,135,0.378,75,88,0.852,45,100,145,99,48,38,48,110,426,533,2.06,1.0
1626164,73,devin booker,1610612756,PHX,32,1151,299,612,0.489,68,179,0.38,199,223,0.892,23,131,154,247,26,11,90,101,865,876,2.74,0.29
1629130,73,duncan robinson,1610612748,MIA,40,1151,194,420,0.462,117,282,0.415,52,60,0.867,11,95,106,122,24,8,55,87,557,528,2.22,0.44
1629652,73,luguentz dort,1610612760,OKC,40,1151,153,331,0.462,79,186,0.425,71,87,0.816,51,107,158,54,35,31,37,123,456,503,1.46,0.95
202685,76,jonas valanciunas,1610612740,NOP,43,1141,232,409,0.567,28,76,0.368,105,129,0.814,111,301,412,99,22,50,62,135,597,917,1.6,0.35
1630170,77,devin vassell,1610612759,SAS,37,1139,241,527,0.457,92,252,0.365,84,105,0.8,14,114,128,123,46,7,49,38,658,606,2.51,0.94
1630169,78,tyrese haliburton,1610612754,IND,34,1136,284,573,0.496,114,285,0.4,119,138,0.862,21,120,141,428,37,22,84,36,801,1037,5.09,0.44
1630532,79,franz wagner,1610612753,ORL,34,1135,262,561,0.467,47,163,0.288,138,162,0.852,36,163,199,132,39,12,63,79,709,705,2.1,0.62
1626167,79,myles turner,1610612754,IND,41,1135,257,485,0.53,58,168,0.345,144,179,0.804,73,224,297,53,22,81,60,131,716,846,0.88,0.37
1629628,81,rj barrett,1610612761,TOR,37,1131,248,542,0.458,61,176,0.347,139,180,0.772,30,158,188,103,19,13,65,79,696,619,1.58,0.29
1630166,82,deni avdija,1610612764,WAS,41,1128,191,381,0.501,39,111,0.351,88,115,0.765,43,208,251,160,38,15,71,103,509,685,2.25,0.54
203992,83,bogdan bogdanovic,1610612737,ATL,40,1123,239,563,0.425,123,337,0.365,69,77,0.896,21,107,128,104,55,9,44,94,670,590,2.36,1.25
1628389,84,bam adebayo,1610612748,MIA,32,1121,253,502,0.504,1,9,0.111,182,233,0.781,69,266,335,135,33,29,81,81,689,840,1.67,0.41
1630172,85,patrick williams,1610612741,CHI,41,1118,152,338,0.45,56,135,0.415,50,64,0.781,45,111,156,62,39,31,53,80,410,445,1.17,0.74
1628374,86,lauri markkanen,1610612762,UTA,34,1111,271,546,0.496,107,272,0.393,167,191,0.874,82,219,301,63,30,21,39,63,816,893,1.61,0.77
1628381,87,john collins,1610612762,UTA,40,1104,211,421,0.501,53,146,0.363,76,96,0.792,79,224,303,40,23,30,59,108,551,658,0.68,0.39
1628378,88,donovan mitchell,1610612739,CLE,31,1103,299,648,0.461,96,276,0.348,169,192,0.88,33,136,169,182,59,14,83,65,863,832,2.19,0.71
1628392,89,isaiah hartenstein,1610612752,NYK,43,1099,112,185,0.605,1,3,0.333,59,85,0.694,141,224,365,84,50,48,51,125,284,681,1.65,0.98
1627741,90,buddy hield,1610612754,IND,42,1094,197,446,0.442,119,309,0.385,26,30,0.867,29,109,138,112,32,27,57,86,539,538,1.97,0.56
203994,91,jusuf nurkic,1610612756,PHX,39,1092,179,365,0.49,21,77,0.273,97,136,0.713,109,305,414,138,37,41,75,128,476,806,1.84,0.49
1631097,92,bennedict mathurin,1610612754,IND,42,1081,215,465,0.462,54,149,0.362,125,150,0.833,45,111,156,83,24,9,68,84,609,538,1.22,0.35
1627827,92,dorian finney-smith,1610612751,BKN,38,1081,128,307,0.417,81,207,0.391,13,16,0.813,70,112,182,48,28,22,28,85,350,420,1.71,1.0
1628970,94,miles bridges,1610612766,CHA,29,1066,228,494,0.462,66,184,0.359,76,88,0.864,23,183,206,86,30,15,59,58,598,598,1.46,0.51
201569,95,eric gordon,1610612756,PHX,35,1065,165,369,0.447,89,232,0.384,26,34,0.765,11,63,74,81,34,17,43,46,445,396,1.88,0.79
1630193,95,immanuel quickley,1610612761,TOR,41,1065,216,485,0.445,94,228,0.412,116,134,0.866,9,118,127,137,23,5,44,67,642,603,3.11,0.52
1629012,97,collin sexton,1610612762,UTA,44,1064,260,535,0.486,65,173,0.376,182,205,0.888,39,76,115,177,32,7,79,94,767,721,2.24,0.41
1629627,97,zion williamson,1610612740,NOP,35,1064,305,519,0.588,4,10,0.4,156,238,0.655,63,136,199,161,34,14,89,90,770,793,1.81,0.38
1628386,99,jarrett allen,1610612739,CLE,35,1061,212,318,0.667,0,1,0.0,93,122,0.762,120,238,358,103,33,38,62,85,517,852,1.66,0.53
203954,100,joel embiid,1610612755,PHI,31,1059,362,675,0.536,36,100,0.36,326,368,0.886,78,274,352,183,36,59,115,90,1086,1246,1.59,0.31
1631101,100,shaedon sharpe,1610612757,POR,32,1059,176,434,0.406,60,180,0.333,98,119,0.824,42,118,160,94,28,12,72,88,510,453,1.31,0.39
1641731,102,bilal coulibaly,1610612764,WAS,40,1048,121,255,0.475,42,105,0.4,48,74,0.649,33,137,170,73,33,30,53,86,332,425,1.38,0.62
1627884,103,derrick jones,1610612742,DAL,40,1042,154,313,0.492,58,163,0.356,56,75,0.747,51,100,151,39,35,36,36,76,422,469,1.08,0.97
1628370,103,malik monk,1610612758,SAC,40,1042,205,473,0.433,102,260,0.392,92,113,0.814,15,91,106,218,25,28,84,77,604,608,2.6,0.3
203991,105,clint capela,1610612737,ATL,40,1039,188,325,0.578,0,0,0.0,71,109,0.651,190,224,414,39,26,66,36,102,447,781,1.08,0.72
1641706,106,brandon miller,1610612766,CHA,34,1037,183,433,0.423,70,187,0.374,57,70,0.814,31,104,135,75,23,16,56,86,493,423,1.34,0.41
203903,107,jordan clarkson,1610612762,UTA,34,1032,222,528,0.42,62,195,0.318,117,132,0.886,37,91,128,174,23,5,98,46,623,534,1.78,0.23
1627826,108,ivica zubac,1610612746,LAC,38,1030,201,307,0.655,0,0,0.0,68,105,0.648,124,246,370,48,8,52,43,110,470,762,1.12,0.19
1626179,108,terry rozier,1610612766,CHA,29,1030,247,537,0.46,83,226,0.367,108,127,0.85,17,98,115,194,32,12,61,51,685,668,3.18,0.53
1628971,110,bruce brown,1610612761,TOR,35,1028,159,332,0.479,34,106,0.321,69,84,0.821,28,136,164,101,37,9,43,87,421,501,2.35,0.86
1641705,111,victor wembanyama,1610612759,SAS,36,1026,267,578,0.462,53,179,0.296,131,164,0.799,76,287,363,106,39,115,117,82,718,880,0.91,0.33
1630581,112,josh giddey,1610612760,OKC,41,1023,198,437,0.453,40,116,0.345,49,60,0.817,55,201,256,190,31,18,89,53,485,641,2.13,0.35
1626181,113,norman powell,1610612746,LAC,40,1020,186,375,0.496,83,183,0.454,82,93,0.882,6,87,93,39,23,15,36,74,537,471,1.08,0.64
1629684,114,grant williams,1610612742,DAL,38,1019,107,259,0.413,65,176,0.369,31,44,0.705,38,96,134,66,18,24,38,112,310,349,1.74,0.47
1630591,115,jalen suggs,1610612753,ORL,38,1015,177,386,0.459,78,197,0.396,66,86,0.767,25,103,128,91,50,26,74,109,498,490,1.23,0.68
1630175,116,cole anthony,1610612753,ORL,41,1012,186,430,0.433,49,151,0.325,127,152,0.836,44,127,171,135,32,20,75,111,548,562,1.8,0.43
200768,116,kyle lowry,1610612748,MIA,36,1012,102,233,0.438,62,155,0.4,35,42,0.833,24,103,127,144,37,14,53,92,301,432,2.72,0.7
1630168,118,onyeka okongwu,1610612737,ATL,41,1011,148,253,0.585,14,47,0.298,72,89,0.809,104,171,275,56,18,41,34,118,382,616,1.65,0.53
1631093,119,jaden ivey,1610612765,DET,38,1005,191,419,0.456,49,154,0.318,114,157,0.726,51,94,145,139,29,24,87,108,545,524,1.6,0.33
1641709,120,ausar thompson,1610612765,DET,42,1002,148,318,0.465,11,71,0.155,51,78,0.654,92,197,289,84,36,40,57,125,358,553,1.47,0.63
1626220,121,royce o'neale,1610612751,BKN,40,1001,100,265,0.377,77,214,0.36,11,18,0.611,32,156,188,124,28,24,43,96,288,437,2.88,0.65
1628415,122,dillon brooks,1610612745,HOU,32,997,158,336,0.47,57,143,0.399,55,66,0.833,23,88,111,49,30,2,50,116,428,381,0.98,0.6
202704,123,reggie jackson,1610612743,DEN,43,996,198,421,0.47,60,158,0.38,42,56,0.75,16,73,89,180,27,7,65,79,498,499,2.77,0.41
1641739,124,toumani camara,1610612757,POR,40,992,104,252,0.413,32,112,0.286,39,57,0.684,78,118,196,38,38,21,48,106,279,358,0.79,0.79
1629018,125,gary trent,1610612761,TOR,38,984,164,385,0.426,88,212,0.415,28,43,0.651,10,73,83,59,30,5,24,45,444,361,2.46,1.25
1630167,126,obi toppin,1610612754,IND,42,979,184,314,0.586,58,140,0.414,46,59,0.78,42,120,162,67,21,21,31,90,472,569,2.16,0.68
1626171,127,bobby portis,1610612749,MIL,42,977,214,422,0.507,45,120,0.375,51,66,0.773,67,216,283,43,29,19,39,103,524,636,1.1,0.74
1630245,128,ayo dosunmu,1610612741,CHI,42,972,140,292,0.479,45,120,0.375,39,48,0.813,28,78,106,89,29,15,37,80,364,405,2.4,0.78
1629023,129,p.j. washington,1610612766,CHA,34,965,161,379,0.425,59,186,0.317,50,66,0.758,44,133,177,73,29,24,50,91,431,450,1.46,0.58
1629001,130,de'anthony melton,1610612755,PHI,33,959,129,328,0.393,70,193,0.363,62,75,0.827,27,105,132,105,54,15,38,79,390,446,2.76,1.42
1631323,130,simone fontecchio,1610612762,UTA,42,959,134,298,0.45,76,195,0.39,29,37,0.784,40,99,139,59,25,16,46,72,373,394,1.28,0.54
1630700,132,dyson daniels,1610612740,NOP,43,958,96,224,0.429,27,97,0.278,31,48,0.646,44,120,164,116,57,13,40,72,250,415,2.9,1.43
1627751,133,jakob poeltl,1610612761,TOR,36,955,170,248,0.685,0,0,0.0,42,79,0.532,99,200,299,89,24,50,57,106,382,672,1.56,0.42
1628978,134,donte divincenzo,1610612752,NYK,43,953,169,368,0.459,112,266,0.421,37,52,0.712,31,103,134,93,48,13,47,83,487,514,1.98,1.02
1630200,134,tre jones,1610612759,SAS,38,953,141,286,0.493,23,86,0.267,51,57,0.895,26,93,119,207,35,5,55,50,356,516,3.76,0.64
203937,136,kyle anderson,1610612750,MIN,42,951,107,228,0.469,5,29,0.172,56,81,0.691,28,119,147,164,34,27,58,69,275,443,2.83,0.59
1630191,137,isaiah stewart,1610612765,DET,31,950,125,268,0.466,45,117,0.385,39,53,0.736,57,157,214,55,10,22,51,78,334,427,1.08,0.2
1629675,138,naz reid,1610612750,MIN,42,949,205,405,0.506,84,203,0.414,50,63,0.794,43,155,198,44,32,29,55,84,544,579,0.8,0.58
203952,139,andrew wiggins,1610612744,GSW,36,948,165,391,0.422,34,115,0.296,63,92,0.685,64,86,150,53,12,15,51,81,427,351,1.04,0.23
201143,140,al horford,1610612738,BOS,35,947,102,209,0.488,56,136,0.412,12,14,0.857,49,192,241,99,16,35,28,57,272,526,3.54,0.57
1627936,141,alex caruso,1610612741,CHI,37,943,128,259,0.494,63,151,0.417,43,56,0.768,36,94,130,96,50,33,47,85,362,480,2.04,1.06
1629661,141,cameron johnson,1610612751,BKN,33,943,172,377,0.456,81,205,0.395,38,53,0.717,39,114,153,83,25,6,30,64,463,480,2.77,0.83
1630174,143,aaron nesmith,1610612754,IND,37,942,157,305,0.515,79,167,0.473,42,59,0.712,31,91,122,41,41,26,33,120,435,467,1.24,1.24
1629655,144,daniel gafford,1610612764,WAS,36,939,152,222,0.685,0,0,0.0,71,97,0.732,95,178,273,57,32,77,38,117,375,680,1.5,0.84
1629638,145,nickeil alexander-walker,1610612750,MIN,42,936,98,234,0.419,56,156,0.359,16,23,0.696,17,58,75,101,37,26,41,77,268,323,2.46,0.9
203468,146,cj mccollum,1610612740,NOP,29,929,202,433,0.467,99,228,0.434,60,76,0.789,18,107,125,147,35,24,43,60,563,604,3.42,0.81
1628989,146,kevin huerter,1610612758,SAC,39,929,153,348,0.44,76,212,0.358,27,33,0.818,19,124,143,99,25,13,23,84,409,465,4.3,1.09
204001,148,kristaps porzingis,1610612738,BOS,31,927,196,373,0.525,51,152,0.336,150,180,0.833,49,163,212,63,21,55,49,89,593,688,1.29,0.43
1641718,149,keyonte george,1610612762,UTA,38,922,130,349,0.372,65,197,0.33,87,108,0.806,13,94,107,165,17,3,79,39,412,385,2.09,0.21
201566,149,russell westbrook,1610612746,LAC,40,922,174,380,0.458,26,93,0.28,61,93,0.656,62,170,232,189,44,17,88,76,435,591,2.15,0.5
203114,151,khris middleton,1610612749,MIL,36,920,198,411,0.482,61,162,0.377,61,75,0.813,21,132,153,181,30,11,77,82,518,589,2.35,0.39
1630560,152,cam thomas,1610612751,BKN,32,916,241,553,0.436,63,177,0.356,114,141,0.809,8,73,81,72,18,10,49,60,659,452,1.47,0.37
202710,153,jimmy butler,1610612748,MIA,27,913,178,369,0.482,20,53,0.377,199,225,0.884,53,83,136,122,31,10,49,31,575,608,2.49,0.63
1630165,153,killian hayes,1610612765,DET,37,913,109,267,0.408,19,68,0.279,32,47,0.681,11,92,103,180,35,17,45,69,269,386,4.0,0.78
1630183,155,jaden mcdaniels,1610612750,MIN,32,905,146,279,0.523,40,103,0.388,21,28,0.75,20,59,79,39,27,18,40,100,353,336,0.97,0.68
1630228,156,jonathan kuminga,1610612744,GSW,39,902,198,386,0.513,31,101,0.307,104,146,0.712,45,122,167,59,22,13,56,84,531,506,1.05,0.39
1630552,157,jalen johnson,1610612737,ATL,28,900,168,299,0.562,32,83,0.386,53,70,0.757,33,198,231,87,37,23,61,68,421,590,1.43,0.61
1629651,158,nic claxton,1610612751,BKN,31,898,166,259,0.641,1,1,1.0,52,90,0.578,96,221,317,53,19,70,35,78,385,678,1.51,0.54
1627750,159,jamal murray,1610612743,DEN,29,895,230,472,0.487,67,163,0.411,82,94,0.872,16,94,110,187,25,20,56,61,609,641,3.34,0.45
1627747,160,caris levert,1610612739,CLE,31,894,178,421,0.423,61,176,0.347,78,105,0.743,15,95,110,128,31,12,48,50,495,458,2.67,0.65
1641717,160,cason wallace,1610612760,OKC,42,894,108,213,0.507,46,111,0.414,19,23,0.826,27,66,93,59,28,20,21,71,281,351,2.81,1.33
1629680,162,matisse thybulle,1610612757,POR,39,891,75,181,0.414,53,144,0.368,13,16,0.813,16,61,77,43,61,34,20,49,216,302,2.15,3.05
1630573,163,sam hauser,1610612738,BOS,41,890,116,262,0.443,92,224,0.411,11,13,0.846,28,121,149,38,17,11,20,58,335,382,1.9,0.85
1627777,164,georges niang,1610612739,CLE,40,883,139,318,0.437,74,200,0.37,20,24,0.833,14,137,151,48,11,8,33,95,372,374,1.46,0.33
1630534,164,ochai agbaji,1610612762,UTA,44,883,98,226,0.434,43,132,0.326,15,20,0.75,33,79,112,41,26,26,32,63,254,294,1.28,0.81
101108,166,chris paul,1610612744,GSW,32,882,104,245,0.424,43,119,0.361,35,42,0.833,10,111,121,230,36,3,38,59,286,490,6.05,0.95
1626196,166,josh richardson,1610612748,MIA,33,882,115,267,0.431,49,142,0.345,45,48,0.938,14,75,89,86,19,12,32,59,324,343,2.69,0.59
1630703,168,scoot henderson,1610612757,POR,32,879,144,392,0.367,38,127,0.299,73,98,0.745,30,69,99,154,20,8,105,103,399,302,1.47,0.19
1630202,169,payton pritchard,1610612738,BOS,42,876,118,280,0.421,70,187,0.374,24,31,0.774,42,92,134,123,17,4,25,53,330,414,4.92,0.68
1631223,170,david roddy,1610612763,MEM,39,875,119,288,0.413,39,125,0.312,35,49,0.714,35,111,146,53,20,9,37,54,312,320,1.43,0.54
1630557,171,corey kispert,1610612764,WAS,40,874,164,336,0.488,80,211,0.379,57,75,0.76,14,73,87,60,12,7,40,64,465,401,1.5,0.3
203482,172,kelly olynyk,1610612762,UTA,42,873,121,221,0.548,30,73,0.411,62,72,0.861,55,160,215,184,36,12,72,116,334,599,2.56,0.5
203897,173,zach lavine,1610612741,CHI,25,872,170,376,0.452,59,169,0.349,88,103,0.854,8,121,129,98,21,8,52,57,487,470,1.89,0.4
1627763,174,malcolm brogdon,1610612757,POR,32,870,173,396,0.437,68,165,0.412,74,92,0.804,20,92,112,165,23,5,42,42,488,510,3.93,0.55
202681,175,kyrie irving,1610612742,DAL,26,864,241,510,0.473,75,183,0.41,100,112,0.893,21,110,131,140,34,12,43,47,657,650,3.26,0.79
1631117,176,walker kessler,1610612762,UTA,36,863,138,213,0.648,4,16,0.25,27,55,0.491,96,182,278,29,19,97,38,78,307,589,0.76,0.5
1628380,177,zach collins,1610612759,SAS,33,856,163,328,0.497,35,113,0.31,64,83,0.771,62,130,192,109,19,24,76,111,425,509,1.43,0.25
1631103,178,malaki branham,1610612759,SAS,41,853,140,325,0.431,39,128,0.305,21,23,0.913,12,68,80,93,16,4,49,52,340,297,1.9,0.33
1629611,178,terance mann,1610612746,LAC,34,853,93,215,0.433,30,105,0.286,26,35,0.743,41,69,110,62,21,11,22,63,242,293,2.82,0.95
203967,180,dario saric,1610612744,GSW,40,834,145,302,0.48,61,154,0.396,68,80,0.85,57,170,227,96,25,7,51,89,419,554,1.88,0.49
1641722,181,jordan hawkins,1610612740,NOP,38,833,139,336,0.414,85,217,0.392,56,67,0.836,22,84,106,53,14,3,30,56,419,357,1.77,0.47
1641764,182,brandin podziemski,1610612744,GSW,34,828,123,269,0.457,45,115,0.391,22,36,0.611,52,135,187,111,31,5,42,65,313,445,2.64,0.74
1631128,183,christian braun,1610612743,DEN,43,823,121,265,0.457,31,83,0.373,56,78,0.718,28,122,150,65,16,16,32,67,329,378,2.03,0.5
1626172,184,kevon looney,1610612744,GSW,40,818,94,152,0.618,0,0,0.0,38,54,0.704,105,179,284,96,21,12,29,100,226,536,3.31,0.72
1630171,185,isaac okoro,1610612739,CLE,31,816,99,203,0.488,28,80,0.35,45,66,0.682,42,66,108,65,26,12,28,69,271,329,2.32,0.93
1630198,186,isaiah joe,1610612760,OKC,42,810,128,282,0.454,90,212,0.425,30,36,0.833,15,89,104,50,28,12,25,51,376,385,2.0,1.12
1631105,187,jalen duren,1610612765,DET,27,805,168,260,0.646,0,2,0.0,43,62,0.694,88,221,309,69,12,25,56,88,379,627,1.23,0.21
1629048,188,goga bitadze,1610612753,ORL,38,799,109,178,0.612,2,10,0.2,46,68,0.676,95,153,248,65,27,61,31,91,266,545,2.1,0.87
202330,189,gordon hayward,1610612766,CHA,25,798,139,297,0.468,22,61,0.361,62,81,0.765,25,92,117,116,28,12,51,46,362,407,2.27,0.55
1626162,190,kelly oubre,1610612755,PHI,29,792,139,298,0.466,49,134,0.366,47,64,0.734,27,96,123,29,37,12,27,76,374,372,1.07,1.37
1629028,191,deandre ayton,1610612757,POR,25,790,149,276,0.54,0,0,0.0,28,36,0.778,84,182,266,39,28,18,51,60,326,491,0.77,0.55
1629656,191,quentin grimes,1610612752,NYK,40,790,94,243,0.387,69,186,0.371,15,21,0.714,13,57,70,45,27,3,19,60,272,243,2.37,1.42
1641726,193,dereck lively,1610612742,DAL,31,786,125,170,0.735,0,2,0.0,25,44,0.568,90,153,243,40,19,42,37,92,275,518,1.08,0.51
1629639,194,tyler herro,1610612748,MIA,23,784,193,439,0.44,75,186,0.403,56,66,0.848,14,118,132,97,27,2,57,38,517,462,1.7,0.47
1626192,195,pat connaughton,1610612749,MIL,36,783,71,161,0.441,43,116,0.371,14,19,0.737,24,97,121,65,15,7,20,44,199,292,3.25,0.75
1629629,196,cam reddish,1610612747,LAL,33,778,75,192,0.391,30,89,0.337,35,42,0.833,19,61,80,45,40,8,29,52,215,235,1.55,1.38
1630208,196,nick richards,1610612766,CHA,32,778,110,163,0.675,0,0,0.0,58,76,0.763,78,165,243,27,12,40,29,87,278,500,0.93,0.41
1629021,198,moritz wagner,1610612753,ORL,40,769,175,294,0.595,21,70,0.3,82,103,0.796,62,121,183,54,21,13,50,91,453,534,1.08,0.42
1626224,199,cedi osman,1610612759,SAS,42,757,115,242,0.475,50,134,0.373,28,42,0.667,17,93,110,78,20,5,25,65,308,355,3.12,0.8
1641710,200,anthony black,1610612753,ORL,39,755,74,150,0.493,19,54,0.352,30,47,0.638,21,75,96,68,25,15,38,77,197,270,1.79,0.66
1631133,200,jabari walker,1610612757,POR,37,755,110,228,0.482,20,68,0.294,70,91,0.769,66,153,219,33,25,15,34,86,310,429,0.97,0.73
1631246,202,vince williams,1610612763,MEM,32,754,69,175,0.394,44,123,0.358,48,58,0.828,40,129,169,68,24,20,36,75,230,359,1.89,0.67
1630533,202,ziaire williams,1610612763,MEM,40,754,110,281,0.391,45,142,0.317,46,56,0.821,28,106,134,53,24,9,49,67,311,301,1.08,0.49
1630583,204,santi aldama,1610612763,MEM,32,743,124,287,0.432,49,146,0.336,33,54,0.611,38,141,179,54,21,25,36,52,330,389,1.5,0.58
201587,205,nicolas batum,1610612755,PHI,30,742,63,120,0.525,40,87,0.46,9,14,0.643,35,77,112,68,20,25,18,59,175,320,3.78,1.11
1630182,206,josh green,1610612742,DAL,29,740,81,175,0.463,32,87,0.368,18,32,0.563,16,70,86,73,23,5,27,52,212,264,2.7,0.85
1630256,207,jae'sean tate,1610612745,HOU,39,730,73,153,0.477,18,61,0.295,20,28,0.714,42,97,139,44,28,7,17,97,184,297,2.59,1.65
1629631,208,de'andre hunter,1610612737,ATL,24,727,122,265,0.46,46,114,0.404,68,75,0.907,15,83,98,33,20,9,37,73,358,331,0.89,0.54
1629731,209,dean wade,1610612739,CLE,33,726,62,149,0.416,49,127,0.386,15,19,0.789,31,119,150,30,31,8,16,69,188,300,1.88,1.94
201976,210,patrick beverley,1610612755,PHI,39,723,74,175,0.423,27,86,0.314,35,46,0.761,26,93,119,100,21,13,32,66,210,319,3.13,0.66
202687,211,bismack biyombo,1610612763,MEM,30,718,67,119,0.563,0,0,0.0,22,46,0.478,57,134,191,51,10,34,38,82,156,328,1.34,0.26
1631212,212,peyton watson,1610612743,DEN,41,717,106,225,0.471,29,85,0.341,40,56,0.714,23,85,108,38,21,33,20,69,281,326,1.9,1.05
202711,213,bojan bogdanovic,1610612765,DET,21,706,148,319,0.464,63,154,0.409,56,75,0.747,13,64,77,56,21,2,48,48,415,333,1.17,0.44
202692,214,alec burks,1610612765,DET,35,705,133,335,0.397,81,201,0.403,99,110,0.9,15,67,82,52,16,9,24,52,446,368,2.17,0.67
1630596,214,evan mobley,1610612739,CLE,21,705,142,248,0.573,2,10,0.2,50,65,0.769,56,164,220,61,17,35,48,60,336,500,1.27,0.35
203083,216,andre drummond,1610612741,CHI,44,703,135,246,0.549,0,2,0.0,65,117,0.556,145,226,371,25,53,27,50,78,335,598,0.5,1.06
1626174,217,christian wood,1610612747,LAL,37,696,97,207,0.469,31,94,0.33,51,73,0.699,32,175,207,38,9,27,44,55,276,381,0.86,0.2
1629636,218,darius garland,1610612739,CLE,20,680,151,321,0.47,36,104,0.346,76,91,0.835,12,43,55,118,32,4,76,31,414,362,1.55,0.42
1628997,219,caleb martin,1610612748,MIA,25,665,100,225,0.444,29,77,0.377,33,45,0.733,30,92,122,56,19,7,31,51,262,298,1.81,0.61
1629060,220,rui hachimura,1610612747,LAL,29,663,125,263,0.475,31,88,0.352,44,58,0.759,23,79,102,30,21,7,22,38,325,311,1.36,0.95
1629659,221,talen horton-tucker,1610612762,UTA,30,659,123,299,0.411,37,111,0.333,48,61,0.787,12,64,76,126,32,11,51,62,331,336,2.47,0.63
201145,222,jeff green,1610612745,HOU,40,654,86,165,0.521,16,50,0.32,75,91,0.824,27,56,83,30,5,20,28,59,263,278,1.07,0.18
1629006,223,josh okogie,1610612756,PHX,35,651,56,140,0.4,16,65,0.246,58,78,0.744,45,52,97,45,32,17,21,55,186,252,2.14,1.52
1628988,224,aaron holiday,1610612745,HOU,39,644,89,204,0.436,44,111,0.396,25,28,0.893,10,60,70,60,21,3,27,57,247,256,2.22,0.78
1627739,225,kris dunn,1610612762,UTA,36,633,75,158,0.475,18,48,0.375,12,18,0.667,23,82,105,153,32,16,44,68,180,353,3.48,0.73
1630230,226,naji marshall,1610612740,NOP,34,630,92,202,0.455,31,81,0.383,52,63,0.825,36,87,123,66,22,6,36,50,267,327,1.83,0.61
1630194,226,paul reed,1610612755,PHI,41,630,99,180,0.55,6,19,0.316,26,36,0.722,76,114,190,48,26,30,32,89,230,401,1.5,0.81
1629014,228,anfernee simons,1610612757,POR,19,627,147,352,0.418,62,162,0.383,80,89,0.899,9,57,66,93,10,2,44,34,436,349,2.11,0.23
203939,229,dwight powell,1610612742,DAL,39,624,61,86,0.709,1,2,0.5,55,73,0.753,72,82,154,66,22,15,19,85,178,373,3.47,1.16
1630163,230,lamelo ball,1610612766,CHA,19,621,164,368,0.446,66,174,0.379,82,94,0.872,26,75,101,148,34,4,75,68,476,472,1.97,0.45
203914,231,gary harris,1610612753,ORL,27,616,66,154,0.429,36,108,0.333,24,31,0.774,13,33,46,50,23,5,14,47,192,207,3.57,1.64
1629011,232,mitchell robinson,1610612752,NYK,21,613,58,98,0.592,0,0,0.0,14,38,0.368,112,104,216,15,32,27,21,40,130,335,0.71,1.52
1630541,233,moses moody,1610612744,GSW,34,611,107,222,0.482,38,106,0.358,45,57,0.789,38,67,105,28,23,10,24,47,297,312,1.17,0.96
203935,234,marcus smart,1610612763,MEM,20,605,102,237,0.43,42,134,0.313,43,56,0.768,6,47,53,86,41,5,62,53,289,264,1.39,0.66
201567,235,kevin love,1610612748,MIA,32,604,99,224,0.442,52,152,0.342,64,82,0.78,36,177,213,81,13,5,26,59,314,457,3.12,0.5
1628975,236,jevon carter,1610612741,CHI,42,600,87,232,0.375,52,149,0.349,3,5,0.6,5,27,32,52,21,11,23,47,229,175,2.26,0.91
1630214,236,xavier tillman,1610612763,MEM,29,600,77,187,0.412,11,49,0.224,13,33,0.394,49,89,138,50,35,28,27,47,178,272,1.85,1.3
1626166,238,cameron payne,1610612749,MIL,39,596,88,186,0.473,44,111,0.396,34,38,0.895,3,42,45,92,15,2,28,64,254,278,3.29,0.54
1630549,239,day'ron sharpe,1610612751,BKN,37,592,111,193,0.575,1,7,0.143,54,88,0.614,103,155,258,53,17,32,37,85,277,484,1.43,0.46
1629312,239,haywood highsmith,1610612748,MIA,28,592,59,142,0.415,30,84,0.357,16,20,0.8,24,58,82,35,28,15,20,53,164,217,1.75,1.4
203957,241,dante exum,1610612742,DAL,30,586,111,193,0.575,28,62,0.452,30,40,0.75,18,69,87,86,18,5,26,48,280,358,3.31,0.69
1630702,241,jaden hardy,1610612742,DAL,37,586,106,279,0.38,49,143,0.343,28,41,0.683,11,67,78,59,12,2,28,45,289,226,2.11,0.43
1631204,243,marcus sasser,1610612765,DET,38,579,97,209,0.464,39,94,0.415,24,27,0.889,6,53,59,100,21,8,32,50,257,298,3.13,0.66
1630173,243,precious achiuwa,1610612752,NYK,36,579,99,207,0.478,14,52,0.269,27,46,0.587,70,112,182,47,19,19,38,57,239,341,1.24,0.5
1631108,245,max christie,1610612747,LAL,33,577,62,148,0.419,25,73,0.342,20,26,0.769,9,86,95,35,13,8,26,44,169,202,1.35,0.5
1629614,246,andrew nembhard,1610612754,IND,28,573,95,197,0.482,19,58,0.328,15,20,0.75,17,32,49,116,25,1,52,57,224,256,2.23,0.48
1628470,247,torrey craig,1610612741,CHI,27,572,59,139,0.424,29,76,0.382,18,23,0.783,50,80,130,28,17,10,16,68,165,249,1.75,1.06
204456,248,t.j. mcconnell,1610612754,IND,34,571,120,225,0.533,1,16,0.063,31,42,0.738,18,72,90,185,35,4,49,33,272,421,3.78,0.71
1628449,249,chris boucher,1610612761,TOR,40,569,84,178,0.472,26,79,0.329,52,70,0.743,47,114,161,17,13,19,19,56,246,325,0.9,0.68
203926,250,doug mcdermott,1610612759,SAS,37,567,75,167,0.449,61,134,0.455,10,15,0.667,4,32,36,47,10,2,18,39,221,201,2.61,0.56
1631121,251,bryce mcgowens,1610612766,CHA,33,564,59,134,0.44,25,66,0.379,27,37,0.73,12,47,59,31,9,3,20,49,170,167,1.55,0.45
1629723,252,john konchar,1610612763,MEM,33,554,36,101,0.356,19,65,0.292,9,11,0.818,31,94,125,49,23,24,16,33,100,238,3.06,1.44
1628963,253,marvin bagley,1610612764,WAS,28,553,125,216,0.579,2,9,0.222,54,70,0.771,59,82,141,31,8,17,34,48,306,362,0.91,0.23
1626168,254,trey lyles,1610612758,SAC,27,552,63,142,0.444,41,106,0.387,20,32,0.625,25,105,130,36,4,8,16,44,187,258,2.25,0.25
1629234,255,drew eubanks,1610612756,PHX,35,551,77,132,0.583,3,3,1.0,39,51,0.765,50,96,146,31,12,31,36,60,196,313,0.86,0.33
202397,256,ish smith,1610612766,CHA,33,550,55,121,0.455,2,6,0.333,3,4,0.75,10,45,55,103,10,3,41,31,115,178,2.51,0.24
1630692,257,jordan goodwin,1610612756,PHX,35,542,68,183,0.372,23,79,0.291,23,27,0.852,39,77,116,76,21,8,29,42,182,255,2.62,0.72
1630577,257,julian champagnie,1610612759,SAS,35,542,69,168,0.411,49,124,0.395,27,31,0.871,14,63,77,34,20,19,24,38,214,237,1.42,0.83
202694,259,marcus morris,1610612755,PHI,33,539,74,167,0.443,32,77,0.416,27,32,0.844,18,77,95,23,11,10,13,56,207,235,1.77,0.85
203078,260,bradley beal,1610612756,PHX,17,538,117,231,0.506,26,67,0.388,39,52,0.75,13,57,70,68,14,6,37,45,299,293,1.84,0.38
1630699,261,marjon beauchamp,1610612749,MIL,34,534,64,135,0.474,25,62,0.403,12,20,0.6,20,64,84,29,11,6,24,47,165,192,1.21,0.46
1641871,262,duop reath,1610612757,POR,29,530,100,214,0.467,40,109,0.367,31,40,0.775,43,78,121,32,16,15,23,71,271,309,1.39,0.7
1631216,263,caleb houstan,1610612753,ORL,33,529,54,145,0.372,47,135,0.348,17,22,0.773,21,38,59,22,10,1,12,42,172,156,1.83,0.83
204060,264,joe ingles,1610612753,ORL,28,520,50,121,0.413,32,76,0.421,17,20,0.85,11,61,72,98,22,3,26,47,149,244,3.77,0.85
1630188,265,jalen smith,1610612754,IND,29,516,113,182,0.621,31,65,0.477,39,53,0.736,42,119,161,32,6,13,25,68,296,400,1.28,0.24
1628372,266,dennis smith,1610612751,BKN,26,513,73,174,0.42,15,53,0.283,26,32,0.813,25,61,86,109,31,6,29,63,187,283,3.76,1.07
1631109,267,mark williams,1610612766,CHA,19,508,98,151,0.649,0,0,0.0,46,64,0.719,76,108,184,22,16,20,17,50,242,396,1.29,0.94
1630201,268,malachi flynn,1610612752,NYK,38,506,61,149,0.409,30,88,0.341,21,28,0.75,13,55,68,77,19,6,35,45,173,213,2.2,0.54
1628464,269,daniel theis,1610612746,LAC,30,503,77,150,0.513,13,29,0.448,27,37,0.73,48,61,109,25,14,27,20,69,194,266,1.25,0.7
1630550,270,jt thor,1610612766,CHA,34,501,44,124,0.355,16,54,0.296,3,7,0.429,37,58,95,14,6,15,8,37,107,145,1.75,0.75
1630598,271,aaron wiggins,1610612760,OKC,39,490,74,128,0.578,19,38,0.5,22,29,0.759,23,62,85,34,18,4,19,45,189,250,1.79,0.95
203496,272,robert covington,1610612755,PHI,29,488,43,98,0.439,19,56,0.339,22,26,0.846,31,66,97,24,39,18,11,56,127,235,2.18,3.54
1630530,273,trey murphy,1610612740,NOP,19,486,81,187,0.433,50,130,0.385,38,47,0.809,8,61,69,38,15,7,11,22,250,253,3.46,1.36
1628966,274,keita bates-diop,1610612756,PHX,30,482,48,124,0.387,14,53,0.264,25,34,0.735,23,59,82,27,18,15,6,30,135,186,4.5,3.0
1631106,275,tari eason,1610612745,HOU,22,480,88,189,0.466,18,50,0.36,21,33,0.636,46,107,153,27,31,19,20,51,215,312,1.35,1.55
1629026,276,kenrich williams,1610612760,OKC,31,475,55,118,0.466,25,63,0.397,3,10,0.3,22,68,90,47,18,4,13,47,138,214,3.62,1.39
1630587,277,isaiah livers,1610612764,WAS,23,469,40,116,0.345,22,77,0.286,12,18,0.667,15,33,48,25,13,5,16,43,114,107,1.56,0.81
1628995,278,kevin knox,1610612765,DET,24,462,75,157,0.478,30,82,0.366,17,19,0.895,15,44,59,19,11,7,16,38,197,193,1.19,0.69
1630537,279,chris duarte,1610612758,SAC,34,458,45,125,0.36,21,67,0.313,18,24,0.75,13,51,64,32,18,2,20,61,129,139,1.6,0.9
1631124,279,julian strawther,1610612743,DEN,33,458,71,185,0.384,37,115,0.322,16,23,0.696,4,45,49,36,16,6,15,47,195,166,2.4,1.07
1626204,281,larry nance,1610612740,NOP,26,457,57,99,0.576,14,30,0.467,21,27,0.778,36,97,133,31,27,10,22,30,149,280,1.41,1.23
1630543,282,isaiah jackson,1610612754,IND,33,454,94,139,0.676,0,2,0.0,43,62,0.694,50,88,138,30,22,41,24,93,231,374,1.25,0.92
1628379,283,luke kennard,1610612763,MEM,19,453,62,142,0.437,47,109,0.431,17,18,0.944,8,51,59,53,9,1,14,19,188,215,3.79,0.64
1629022,284,lonnie walker,1610612751,BKN,23,440,107,217,0.493,54,116,0.466,29,38,0.763,4,50,54,34,13,9,29,24,297,259,1.17,0.45
1641854,285,craig porter,1610612739,CLE,27,439,79,157,0.503,7,21,0.333,28,42,0.667,14,60,74,86,17,12,32,28,193,258,2.69,0.53
1631218,286,trayce jackson-davis,1610612744,GSW,30,433,88,128,0.688,0,0,0.0,34,55,0.618,51,78,129,31,11,25,23,50,210,322,1.35,0.48
1629599,287,amir coffey,1610612746,LAC,28,432,47,87,0.54,17,44,0.386,13,16,0.813,11,34,45,18,8,0,12,29,124,140,1.5,0.67
1629003,288,shake milton,1610612750,MIN,33,431,56,139,0.403,13,49,0.265,36,44,0.818,5,39,44,42,14,4,26,40,161,148,1.61,0.54
1630631,289,jose alvarado,1610612740,NOP,26,428,63,155,0.406,33,87,0.379,20,31,0.645,12,44,56,48,25,10,20,38,179,195,2.4,1.25
202684,290,tristan thompson,1610612739,CLE,35,425,59,88,0.67,0,1,0.0,13,40,0.325,58,77,135,39,7,10,22,49,131,244,1.77,0.32
1630164,291,james wiseman,1610612765,DET,29,424,77,114,0.675,0,2,0.0,21,34,0.618,41,79,120,18,4,20,25,57,175,262,0.72,0.16
203552,291,seth curry,1610612742,DAL,33,424,48,132,0.364,28,74,0.378,14,16,0.875,13,34,47,26,17,3,14,31,138,131,1.86,1.21
1628436,293,luke kornet,1610612738,BOS,29,421,60,87,0.69,0,0,0.0,21,24,0.875,50,54,104,26,12,28,12,37,141,269,2.17,1.0
1629020,294,jarred vanderbilt,1610612747,LAL,22,418,31,69,0.449,5,22,0.227,11,19,0.579,27,73,100,22,18,3,14,34,78,161,1.57,1.29
1628426,295,sasha vezenkov,1610612758,SAC,32,412,69,154,0.448,34,93,0.366,7,10,0.7,29,54,83,14,15,7,11,30,179,199,1.27,1.36
1641748,296,andre jackson,1610612749,MIL,36,411,39,73,0.534,13,34,0.382,6,7,0.857,36,47,83,35,9,3,19,68,97,173,1.84,0.47
1631367,297,jacob gilyard,1610612763,MEM,25,410,33,84,0.393,28,69,0.406,1,1,1.0,7,20,27,81,16,3,15,24,95,156,5.4,1.07
1629002,298,chimezie metu,1610612756,PHX,31,408,63,124,0.508,15,51,0.294,36,41,0.878,22,75,97,16,17,9,24,35,177,226,0.67,0.71
201568,299,danilo gallinari,1610612765,DET,27,401,58,132,0.439,21,65,0.323,52,61,0.852,12,65,77,34,6,3,12,26,189,214,2.83,0.5
203110,299,draymond green,1610612744,GSW,16,401,53,108,0.491,19,43,0.442,27,32,0.844,22,68,90,91,7,11,39,49,152,252,2.33,0.18
1628972,301,troy brown,1610612750,MIN,34,393,50,113,0.442,30,81,0.37,19,22,0.864,14,55,69,33,8,2,18,24,149,177,1.83,0.44
1631119,302,jaylin williams,1610612760,OKC,34,392,40,104,0.385,24,69,0.348,14,15,0.933,15,87,102,44,13,9,14,51,118,207,3.14,0.93
1630241,303,sam merrill,1610612739,CLE,25,390,68,165,0.412,58,140,0.414,8,9,0.889,12,42,54,42,8,1,8,31,202,201,5.25,1.0
1629013,304,landry shamet,1610612764,WAS,25,387,74,155,0.477,35,87,0.402,16,24,0.667,5,26,31,33,15,7,17,46,199,179,1.94,0.88
1628976,305,wendell carter,1610612753,ORL,16,385,59,118,0.5,18,41,0.439,29,39,0.744,29,73,102,26,6,9,19,34,165,220,1.37,0.32
1630219,306,skylar mays,1610612747,LAL,24,383,59,148,0.399,16,51,0.314,13,17,0.765,10,29,39,79,16,3,18,23,147,173,4.39,0.89
1641733,307,nick smith,1610612766,CHA,25,376,63,152,0.414,33,74,0.446,3,4,0.75,14,28,42,27,3,7,22,28,162,129,1.23,0.14
1630558,308,davion mitchell,1610612758,SAC,31,374,41,112,0.366,14,57,0.246,11,15,0.733,4,24,28,54,6,2,16,34,107,106,3.38,0.38
1629642,309,nassir little,1610612756,PHX,25,368,45,93,0.484,16,51,0.314,17,20,0.85,14,46,60,16,10,8,12,31,123,154,1.33,0.83
1630570,310,trendon watford,1610612751,BKN,30,367,71,132,0.538,10,27,0.37,24,29,0.828,28,60,88,48,14,7,24,49,176,243,2.0,0.58
203488,311,mike muscala,1610612765,DET,26,366,37,98,0.378,18,58,0.31,16,22,0.727,23,56,79,25,6,9,17,33,108,143,1.47,0.35
1629139,312,yuta watanabe,1610612756,PHX,25,365,31,92,0.337,23,73,0.315,10,15,0.667,11,32,43,10,7,7,15,33,95,81,0.67,0.47
1629726,313,garrison mathews,1610612737,ATL,28,346,33,69,0.478,31,65,0.477,1,5,0.2,7,29,36,15,8,3,12,40,98,108,1.25,0.67
1641708,314,amen thompson,1610612745,HOU,22,345,50,111,0.45,4,28,0.143,25,38,0.658,20,61,81,40,21,7,25,40,129,179,1.6,0.84
1627863,315,danuel house,1610612755,PHI,26,343,31,71,0.437,13,36,0.361,19,25,0.76,10,29,39,20,8,2,16,29,94,101,1.25,0.5
1631165,316,keon ellis,1610612758,SAC,28,342,36,83,0.434,26,68,0.382,11,17,0.647,9,28,37,35,14,12,15,39,109,139,2.33,0.93
1626153,317,delon wright,1610612764,WAS,20,341,32,88,0.364,11,30,0.367,22,27,0.815,9,36,45,66,29,5,10,17,97,171,6.6,2.9
1628371,318,jonathan isaac,1610612753,ORL,25,338,54,120,0.45,15,52,0.288,31,40,0.775,28,73,101,11,20,28,12,31,154,227,0.92,1.67
1629637,319,jaxson hayes,1610612747,LAL,34,336,41,63,0.651,0,5,0.0,15,28,0.536,16,43,59,12,7,12,18,61,97,134,0.67,0.39
1629643,320,chuma okeke,1610612753,ORL,25,333,35,85,0.412,21,61,0.344,2,5,0.4,18,50,68,17,7,7,11,15,93,128,1.54,0.64
1630192,321,zeke nnaji,1610612743,DEN,34,328,40,84,0.476,5,15,0.333,25,39,0.641,38,36,74,17,8,20,21,52,110,150,0.81,0.38
203200,322,justin holiday,1610612743,DEN,25,326,33,67,0.493,21,47,0.447,0,0,0.0,4,25,29,25,14,1,6,28,87,116,4.17,2.33
1629630,323,ja morant,1610612763,MEM,9,318,80,170,0.471,14,51,0.275,52,64,0.813,6,44,50,73,7,5,27,19,226,232,2.7,0.26
1631200,324,kris murray,1610612757,POR,25,315,35,88,0.398,15,45,0.333,8,11,0.727,18,29,47,16,20,3,13,18,93,110,1.23,1.54
201565,325,derrick rose,1610612763,MEM,17,305,56,128,0.438,11,33,0.333,19,21,0.905,7,23,30,57,7,2,22,18,142,142,2.59,0.32
1630346,326,matt ryan,1610612740,NOP,13,298,38,83,0.458,32,68,0.471,13,14,0.929,5,25,30,14,5,1,16,24,121,109,0.88,0.31
1631107,327,nikola jovic,1610612748,MIA,16,295,35,84,0.417,18,42,0.429,11,19,0.579,15,61,76,36,6,7,16,35,99,151,2.25,0.38
1629052,327,oshae brissett,1610612738,BOS,25,295,34,75,0.453,10,31,0.323,26,38,0.684,29,48,77,14,12,1,6,27,104,149,2.33,2.0
1628998,329,cody martin,1610612766,CHA,11,286,29,81,0.358,11,35,0.314,6,12,0.5,12,23,35,27,17,11,13,19,75,94,2.08,1.31
1631207,330,dalen terry,1610612741,CHI,28,282,21,57,0.368,7,34,0.206,15,20,0.75,10,38,48,33,6,8,16,34,64,102,2.06,0.38
1630540,330,miles mcbride,1610612752,NYK,30,282,47,105,0.448,28,65,0.431,8,10,0.8,4,17,21,27,12,2,10,30,130,122,2.7,1.2
1641711,332,gradey dick,1610612761,TOR,22,275,26,80,0.325,16,54,0.296,15,15,1.0,7,18,25,22,9,0,14,28,83,71,1.57,0.64
203109,333,jae crowder,1610612749,MIL,11,273,31,63,0.492,20,43,0.465,8,14,0.571,4,34,38,15,9,3,4,17,90,113,3.75,2.25
1641715,334,cam whitmore,1610612745,HOU,18,268,64,130,0.492,23,57,0.404,21,33,0.636,10,46,56,6,13,4,13,24,172,160,0.46,1.0
203995,335,vasilije micic,1610612760,OKC,22,265,29,70,0.414,9,35,0.257,9,11,0.818,1,15,16,57,8,3,14,22,76,103,4.07,0.57
1628365,336,markelle fultz,1610612753,ORL,11,263,41,89,0.461,0,3,0.0,5,11,0.455,14,21,35,40,12,3,14,18,87,109,2.86,0.86
1627780,337,gary payton,1610612744,GSW,16,261,36,79,0.456,9,32,0.281,6,9,0.667,16,32,48,13,17,5,10,29,87,114,1.3,1.7
203469,338,cody zeller,1610612740,NOP,30,259,19,49,0.388,1,3,0.333,20,33,0.606,35,47,82,31,5,4,11,36,59,127,2.82,0.46
201580,338,javale mcgee,1610612758,SAC,32,259,60,95,0.632,0,2,0.0,24,38,0.632,32,63,95,14,7,18,31,36,144,198,0.45,0.23
1630209,340,omer yurtseven,1610612762,UTA,24,256,38,76,0.5,3,15,0.2,6,10,0.6,35,68,103,13,4,10,22,33,85,151,0.59,0.18
1641738,341,kobe brown,1610612746,LAC,25,250,22,56,0.393,11,36,0.306,1,2,0.5,6,29,35,15,6,3,4,37,56,76,3.75,1.5
1631172,341,ousmane dieng,1610612760,OKC,22,250,33,78,0.423,16,52,0.308,10,12,0.833,9,32,41,19,2,0,10,16,92,97,1.9,0.2
1629667,343,jalen mcdaniels,1610612761,TOR,27,245,30,89,0.337,8,44,0.182,14,20,0.7,7,26,33,14,10,3,8,25,82,69,1.75,1.25
201599,344,deandre jordan,1610612743,DEN,19,244,36,56,0.643,0,0,0.0,19,42,0.452,32,64,96,18,5,10,17,36,91,160,1.06,0.29
1631230,344,dominick barlow,1610612759,SAS,19,244,31,68,0.456,3,7,0.429,13,22,0.591,22,42,64,20,8,10,4,25,78,130,5.0,2.0
200782,346,p.j. tucker,1610612746,LAC,15,239,6,19,0.316,5,16,0.313,3,3,1.0,16,27,43,8,9,3,4,35,20,66,2.0,2.25
1630531,347,jaden springer,1610612755,PHI,24,237,27,77,0.351,5,25,0.2,13,18,0.722,18,15,33,22,13,9,18,34,72,76,1.22,0.72
1628418,347,thomas bryant,1610612748,MIA,22,237,41,73,0.562,0,3,0.0,17,20,0.85,22,49,71,13,6,5,15,24,99,144,0.87,0.4
1630538,349,bones hyland,1610612746,LAC,16,234,42,107,0.393,20,55,0.364,10,12,0.833,2,13,15,28,8,1,20,23,114,79,1.4,0.4
1641877,350,nathan mensah,1610612766,CHA,16,231,9,22,0.409,0,0,0.0,9,12,0.75,22,30,52,7,4,10,13,48,27,71,0.54,0.31
202709,351,cory joseph,1610612744,GSW,21,225,13,48,0.271,6,31,0.194,4,7,0.571,4,15,19,36,4,3,11,19,36,49,3.27,0.36
1631115,352,orlando robinson,1610612748,MIA,17,218,31,59,0.525,7,12,0.583,11,16,0.688,18,42,60,25,5,7,13,29,80,131,1.92,0.39
1628964,353,mo bamba,1610612755,PHI,24,215,39,71,0.549,10,18,0.556,14,21,0.667,33,40,73,13,10,19,15,29,102,163,0.87,0.67
1641765,354,olivier-maxence prosper,1610612742,DAL,23,214,22,63,0.349,8,31,0.258,19,27,0.704,15,37,52,19,2,2,4,16,71,93,4.75,0.5
202083,355,wesley matthews,1610612737,ATL,19,213,10,39,0.256,6,30,0.2,14,19,0.737,4,22,26,12,9,4,6,26,40,51,2.0,1.5
1631288,356,jamal cain,1610612748,MIA,14,209,29,66,0.439,8,25,0.32,14,19,0.737,12,17,29,3,9,4,4,16,80,79,0.75,2.25
1629646,357,charles bassey,1610612759,SAS,19,205,29,40,0.725,0,1,0.0,5,6,0.833,23,53,76,21,8,17,15,31,63,158,1.4,0.53
1631260,358,aj green,1610612749,MIL,26,204,30,70,0.429,25,60,0.417,4,4,1.0,5,16,21,16,0,1,0,23,89,87,0.0,0.0
1629111,358,jock landale,1610612745,HOU,23,204,18,51,0.353,2,17,0.118,8,10,0.8,23,19,42,11,6,9,8,20,46,71,1.38,0.75
1629674,360,neemias queta,1610612738,BOS,15,202,30,54,0.556,0,0,0.0,14,18,0.778,32,42,74,7,6,7,6,34,74,134,1.17,1.0
1631104,361,blake wesley,1610612759,SAS,21,201,28,56,0.5,0,11,0.0,9,18,0.5,5,15,20,39,7,1,8,28,65,87,4.88,0.88
1630177,362,theo maledon,1610612756,PHX,13,200,19,66,0.288,5,30,0.167,11,12,0.917,4,19,23,28,7,0,15,18,54,49,1.87,0.47
1630526,363,jeremiah robinson-earl,1610612740,NOP,17,195,27,51,0.529,8,19,0.421,6,6,1.0,11,34,45,9,6,3,9,14,68,98,1.0,0.67
1627732,364,ben simmons,1610612751,BKN,6,191,19,36,0.528,0,0,0.0,1,4,0.25,16,49,65,40,3,5,15,16,39,117,2.67,0.2
1630639,365,a.j. lawson,1610612742,DAL,19,189,31,66,0.47,11,33,0.333,11,15,0.733,9,16,25,10,9,2,9,14,84,82,1.11,1.0
1629670,366,jordan nwora,1610612761,TOR,19,187,38,83,0.458,12,37,0.324,9,11,0.818,8,25,33,18,6,1,12,19,97,96,1.5,0.5
1641707,367,taylor hendricks,1610612762,UTA,13,182,23,58,0.397,12,35,0.343,6,8,0.75,11,18,29,6,9,7,9,12,64,69,0.67,1.0
1629162,368,jordan mclaughlin,1610612750,MIN,21,179,19,48,0.396,10,27,0.37,3,6,0.5,6,14,20,36,16,4,6,9,51,89,6.0,2.67
1630231,369,kj martin,1610612755,PHI,27,178,21,44,0.477,1,8,0.125,5,10,0.5,6,14,20,12,10,1,6,26,48,57,2.0,1.67
203490,370,otto porter,1610612761,TOR,15,174,14,33,0.424,8,23,0.348,3,3,1.0,6,23,29,8,5,5,2,19,39,65,4.0,2.5
1641767,371,ben sheppard,1610612754,IND,20,173,20,54,0.37,11,36,0.306,7,10,0.7,4,14,18,13,8,0,1,20,58,59,13.0,8.0
201152,371,thaddeus young,1610612761,TOR,15,173,23,45,0.511,1,4,0.25,2,5,0.4,12,22,34,28,12,1,7,22,49,92,4.0,1.71
1630235,371,trent forrest,1610612737,ATL,16,173,15,42,0.357,2,6,0.333,8,10,0.8,5,19,24,29,5,1,9,14,40,61,3.22,0.56
1626158,374,richaun holmes,1610612742,DAL,17,172,23,46,0.5,0,0,0.0,9,18,0.5,26,35,61,9,2,6,10,22,55,91,0.9,0.2
1627788,375,furkan korkmaz,1610612755,PHI,26,171,17,44,0.386,6,21,0.286,7,10,0.7,1,13,14,12,11,0,8,10,47,46,1.5,1.38
1630572,375,sandro mamukelashvili,1610612759,SAS,24,171,22,56,0.393,8,31,0.258,12,16,0.75,16,33,49,25,4,8,8,19,64,104,3.13,0.5
1629007,377,jontay porter,1610612761,TOR,10,166,19,53,0.358,8,29,0.276,8,8,1.0,12,23,35,24,8,10,8,20,54,89,3.0,1.0
1630641,378,ibou badji,1610612757,POR,11,160,9,15,0.6,0,0,0.0,3,6,0.5,18,25,43,8,2,16,9,32,21,72,0.89,0.22
203925,379,joe harris,1610612765,DET,15,158,13,36,0.361,10,29,0.345,1,2,0.5,3,10,13,10,3,2,4,18,37,37,2.5,0.75
203486,379,mason plumlee,1610612746,LAC,10,158,23,31,0.742,0,0,0.0,15,28,0.536,11,34,45,11,5,4,5,13,61,100,2.2,1.0
203493,379,reggie bullock,1610612745,HOU,17,158,14,35,0.4,10,26,0.385,1,1,1.0,2,22,24,9,2,2,4,9,39,51,2.25,0.5
1629669,382,jaylen nowell,1610612763,MEM,9,156,22,55,0.4,4,23,0.174,3,3,1.0,3,11,14,16,3,0,5,13,51,46,3.2,0.6
1630649,383,stanley umude,1610612765,DET,15,155,20,44,0.455,14,27,0.519,21,23,0.913,3,25,28,8,4,5,10,24,75,84,0.8,0.4
1631098,384,johnny davis,1610612764,WAS,19,150,21,48,0.438,1,3,0.333,4,5,0.8,9,11,20,5,7,1,5,11,47,47,1.0,1.4
202693,384,markieff morris,1610612742,DAL,16,150,15,47,0.319,9,28,0.321,3,4,0.75,4,24,28,11,5,1,9,11,42,45,1.22,0.56
1629004,384,svi mykhailiuk,1610612738,BOS,19,150,15,51,0.294,10,40,0.25,3,6,0.5,5,12,17,6,6,0,6,11,43,27,1.0,1.0
203458,387,alex len,1610612758,SAC,17,149,18,29,0.621,0,2,0.0,4,10,0.4,23,33,56,19,3,8,11,19,40,98,1.73,0.27
1630264,388,anthony gill,1610612764,WAS,24,147,22,45,0.489,2,11,0.182,12,16,0.75,13,21,34,10,3,6,11,12,58,73,0.91,0.27
1641716,389,jarace walker,1610612754,IND,14,146,24,58,0.414,10,27,0.37,6,7,0.857,5,14,19,19,8,5,7,15,64,73,2.71,1.14
1630625,390,dalano banton,1610612738,BOS,20,144,18,42,0.429,2,12,0.167,14,18,0.778,12,21,33,11,4,3,9,19,52,66,1.22,0.44
1630184,390,kira lewis,1610612761,TOR,15,144,16,52,0.308,2,20,0.1,10,11,0.909,4,10,14,18,5,1,8,8,44,37,2.25,0.63
1628467,392,maxi kleber,1610612742,DAL,8,142,8,25,0.32,5,16,0.313,8,12,0.667,6,23,29,15,2,5,7,18,29,52,2.14,0.29
1630556,393,kessler edwards,1610612758,SAC,28,138,17,41,0.415,9,25,0.36,3,4,0.75,5,16,21,7,2,2,1,10,46,52,7.0,2.0
1630243,394,trevelin queen,1610612753,ORL,8,132,12,30,0.4,3,13,0.231,5,6,0.833,3,13,16,12,6,5,6,14,32,46,2.0,1.0
1630696,395,dru smith,1610612748,MIA,9,131,15,33,0.455,7,17,0.412,2,2,1.0,6,8,14,14,9,3,5,12,39,56,2.8,1.8
1631100,396,aj griffin,1610612737,ATL,16,129,13,42,0.31,9,31,0.29,2,2,1.0,2,11,13,4,1,1,6,6,37,21,0.67,0.17
1630215,397,jared butler,1610612764,WAS,17,128,28,50,0.56,10,24,0.417,12,15,0.8,0,11,11,31,8,2,10,14,78,95,3.1,0.8
1629216,398,gabe vincent,1610612747,LAL,5,127,12,32,0.375,2,17,0.118,1,2,0.5,2,3,5,15,6,0,2,12,27,30,7.5,3.0
1631222,399,jake laravia,1610612763,MEM,11,122,16,43,0.372,5,24,0.208,3,4,0.75,7,9,16,6,1,1,4,19,40,32,1.5,0.25
1629677,400,luka samanic,1610612762,UTA,19,121,21,55,0.382,5,20,0.25,11,13,0.846,7,31,38,4,1,2,9,13,58,58,0.44,0.11
1630579,401,jericho sims,1610612752,NYK,19,119,10,15,0.667,0,0,0.0,3,5,0.6,6,20,26,3,2,2,3,14,23,46,1.0,0.67
1629057,401,robert williams,1610612757,POR,6,119,17,26,0.654,0,0,0.0,7,9,0.778,11,27,38,5,7,7,7,17,41,80,0.71,1.0
1630544,401,tre mann,1610612760,OKC,13,119,20,40,0.5,8,19,0.421,1,1,1.0,4,20,24,20,3,0,9,3,49,67,2.22,0.33
201988,404,patty mills,1610612737,ATL,11,116,12,26,0.462,10,19,0.526,0,0,0.0,2,9,11,7,4,1,4,16,34,39,1.75,1.0
1641713,405,gg jackson,1610612763,MEM,10,115,21,46,0.457,11,23,0.478,13,19,0.684,9,15,24,3,3,5,6,10,66,64,0.5,0.5
1630322,406,lindy waters,1610612760,OKC,15,113,16,38,0.421,15,36,0.417,0,0,0.0,1,11,12,10,0,2,2,11,47,47,5.0,0.0
1641732,407,colby jones,1610612758,SAC,15,110,16,42,0.381,1,13,0.077,2,3,0.667,9,12,21,9,4,1,5,15,35,38,1.8,0.8
1630647,407,eugene omoruyi,1610612764,WAS,19,110,32,55,0.582,5,17,0.294,16,21,0.762,11,17,28,11,9,1,9,20,85,97,1.22,1.0
1630678,409,terry taylor,1610612741,CHI,16,108,13,22,0.591,0,5,0.0,1,1,1.0,12,8,20,4,3,2,7,13,27,40,0.57,0.43
1629717,410,armoni brooks,1610612751,BKN,10,104,15,46,0.326,11,32,0.344,1,2,0.5,7,11,18,5,1,1,3,3,42,32,1.67,0.33
1630592,410,jalen wilson,1610612751,BKN,11,104,16,32,0.5,2,8,0.25,15,15,1.0,15,9,24,9,3,1,3,9,49,67,3.0,1.0
1630205,412,lamar stevens,1610612738,BOS,16,103,15,34,0.441,2,7,0.286,6,8,0.75,8,15,23,6,6,5,7,13,38,50,0.86,0.86
1631254,413,kenneth lofton,1610612755,PHI,16,102,14,39,0.359,3,10,0.3,8,15,0.533,2,15,17,14,3,3,8,15,39,36,1.75,0.38
1631116,413,patrick baldwin,1610612764,WAS,13,102,13,30,0.433,8,16,0.5,7,10,0.7,5,23,28,6,1,3,5,17,41,54,1.2,0.2
1641763,415,julian phillips,1610612741,CHI,22,99,8,24,0.333,1,12,0.083,1,4,0.25,3,8,11,7,1,3,2,12,18,19,3.5,0.5
1641712,415,rayan rupert,1610612757,POR,13,99,12,35,0.343,6,14,0.429,3,6,0.5,5,13,18,10,2,0,6,6,33,31,1.67,0.33
1631221,417,collin gillespie,1610612743,DEN,14,97,11,24,0.458,4,13,0.308,4,5,0.8,1,4,5,9,5,0,5,12,30,30,1.8,1.0
201959,417,taj gibson,1610612752,NYK,10,97,7,14,0.5,0,4,0.0,0,0,0.0,6,12,18,5,1,6,2,20,14,35,2.5,0.5
1627745,419,damian jones,1610612739,CLE,17,94,10,20,0.5,1,4,0.25,2,3,0.667,4,13,17,4,2,3,5,10,23,33,0.8,0.4
1631303,420,justin minaya,1610612757,POR,11,93,6,17,0.353,3,10,0.3,3,6,0.5,5,6,11,4,3,4,2,8,18,24,2.0,1.5
1628962,421,udoka azubuike,1610612756,PHX,11,91,15,19,0.789,0,0,0.0,3,9,0.333,9,16,25,3,0,6,4,16,33,53,0.75,0.0
1629618,422,jalen pickett,1610612743,DEN,15,90,11,25,0.44,7,18,0.389,2,2,1.0,1,10,11,10,3,0,6,8,31,35,1.67,0.5
1629626,423,bol bol,1610612756,PHX,12,86,17,23,0.739,3,5,0.6,4,5,0.8,9,18,27,6,3,6,6,10,41,70,1.0,0.5
1628981,424,bruno fernando,1610612737,ATL,13,84,14,27,0.519,0,3,0.0,10,19,0.526,7,19,26,4,2,5,7,12,38,46,0.57,0.29
202722,425,davis bertans,1610612760,OKC,12,83,9,24,0.375,9,22,0.409,14,15,0.933,2,8,10,8,2,2,1,10,41,46,8.0,2.0
1628984,425,devonte' graham,1610612759,SAS,9,83,10,26,0.385,6,18,0.333,6,8,0.75,2,9,11,19,3,1,3,4,32,45,6.33,1.0
1629650,427,moses brown,1610612757,POR,9,82,9,21,0.429,0,0,0.0,0,4,0.0,18,28,46,2,2,3,4,11,18,51,0.5,0.5
1641720,428,jalen hood-schifino,1610612747,LAL,10,78,7,32,0.219,1,9,0.111,5,10,0.5,2,7,9,6,2,1,6,10,20,2,1.0,0.33
1641734,429,emoni bates,1610612739,CLE,10,76,6,25,0.24,5,20,0.25,1,2,0.5,1,9,10,6,1,2,1,5,18,16,6.0,1.0
1630181,429,r.j. hampton,1610612748,MIA,8,76,4,14,0.286,1,8,0.125,1,2,0.5,2,4,6,8,0,0,3,8,10,10,2.67,0.0
203648,431,thanasis antetokounmpo,1610612749,MIL,17,74,7,14,0.5,0,0,0.0,0,0,0.0,4,4,8,9,2,3,8,14,14,21,1.13,0.25
1630240,432,saben lee,1610612756,PHX,10,69,8,19,0.421,0,4,0.0,13,17,0.765,5,5,10,11,3,3,4,6,29,37,2.75,0.75
1630846,433,olivier sarr,1610612760,OKC,9,68,6,11,0.545,2,5,0.4,6,8,0.75,6,20,26,2,0,5,2,14,20,44,1.0,0.0
1628385,434,harry giles,1610612751,BKN,12,67,18,36,0.5,1,8,0.125,6,11,0.545,9,10,19,3,1,3,4,9,43,42,0.75,0.25
1631157,435,ryan rollins,1610612764,WAS,10,66,13,25,0.52,2,3,0.667,13,17,0.765,2,9,11,11,8,3,7,7,41,51,1.57,1.14
1630547,436,james bouknight,1610612766,CHA,10,64,14,30,0.467,11,22,0.5,1,2,0.5,1,8,9,6,0,1,1,2,40,38,6.0,0.0
1641778,437,leaky black,1610612766,CHA,11,60,6,10,0.6,1,3,0.333,0,2,0.0,2,5,7,4,3,3,2,3,13,22,2.0,1.5
1630527,438,brandon boston,1610612746,LAC,8,59,13,32,0.406,4,14,0.286,6,6,1.0,3,5,8,4,1,0,3,10,36,27,1.33,0.33
1641753,439,chris livingston,1610612749,MIL,12,58,7,12,0.583,1,1,1.0,2,2,1.0,2,10,12,4,2,0,3,5,17,27,1.33,0.67
1631217,439,moussa diabate,1610612746,LAC,10,58,9,18,0.5,0,0,0.0,9,12,0.75,14,6,20,4,4,0,2,4,27,41,2.0,2.0
1631123,441,jamaree bouyea,1610612757,POR,6,57,5,21,0.238,0,8,0.0,0,0,0.0,2,8,10,8,0,0,8,3,10,4,1.0,0.0
1641721,442,maxwell lewis,1610612747,LAL,13,56,1,9,0.111,1,3,0.333,0,0,0.0,1,2,3,3,2,0,5,2,3,-2,0.6,0.4
1631311,443,lester quinones,1610612744,GSW,8,54,8,21,0.381,5,12,0.417,1,2,0.5,3,6,9,5,1,1,4,6,22,20,1.25,0.25
1629308,444,juan toscano-anderson,1610612758,SAC,11,53,3,12,0.25,1,4,0.25,0,0,0.0,4,10,14,4,1,1,2,11,7,16,2.0,0.5
1631220,445,dereon seabron,1610612740,NOP,5,52,4,13,0.308,1,2,0.5,5,6,0.833,1,6,7,4,2,1,0,4,14,18,0.0,0.0
1641754,446,seth lundy,1610612737,ATL,8,49,4,16,0.25,3,13,0.231,3,4,0.75,1,4,5,0,0,0,1,6,14,5,0.0,0.0
1630688,447,ish wainright,1610612757,POR,7,46,6,18,0.333,6,16,0.375,2,2,1.0,0,9,9,0,2,1,1,4,20,19,0.0,2.0
1631169,447,josh minott,1610612750,MIN,15,46,8,18,0.444,0,5,0.0,10,12,0.833,1,2,3,3,1,3,1,6,26,23,3.0,1.0
202066,449,garrett temple,1610612761,TOR,11,45,6,13,0.462,2,5,0.4,4,4,1.0,3,5,8,6,2,0,2,3,18,25,3.0,1.0
1629678,450,admiral schofield,1610612753,ORL,11,44,5,13,0.385,2,8,0.25,0,2,0.0,1,5,6,4,0,0,4,7,12,8,1.0,0.0
1630296,450,braxton key,1610612743,DEN,13,44,5,14,0.357,1,4,0.25,4,5,0.8,2,8,10,8,2,0,1,4,15,24,8.0,2.0
1630197,452,aleksej pokusevski,1610612760,OKC,7,43,2,11,0.182,1,8,0.125,1,2,0.5,2,6,8,5,0,1,3,5,6,7,1.67,0.0
1641793,453,d'moi hodge,1610612747,LAL,7,41,5,15,0.333,3,12,0.25,1,2,0.5,0,0,0,5,1,1,1,4,14,9,5.0,1.0
1630535,454,greg brown,1610612742,DAL,6,40,5,11,0.455,1,3,0.333,4,9,0.444,3,6,9,4,0,4,4,5,15,17,1.0,0.0
203095,455,evan fournier,1610612752,NYK,3,39,4,20,0.2,2,15,0.133,2,2,1.0,0,4,4,3,4,0,1,4,12,6,3.0,4.0
1641724,455,jett howard,1610612753,ORL,10,39,7,19,0.368,4,14,0.286,1,2,0.5,1,3,4,3,0,0,2,1,19,11,1.5,0.0
1631306,457,cole swider,1610612748,MIA,8,38,9,19,0.474,5,14,0.357,0,0,0.0,1,1,2,3,1,1,3,1,23,17,1.0,0.33
1631257,457,jermaine samuels,1610612745,HOU,6,38,5,7,0.714,0,2,0.0,2,2,1.0,1,7,8,2,1,1,0,3,12,22,0.0,0.0
1626246,459,boban marjanovic,1610612745,HOU,6,37,7,18,0.389,0,2,0.0,0,2,0.0,5,10,15,4,0,1,0,4,14,21,0.0,0.0
1631466,460,nate williams,1610612745,HOU,6,36,8,16,0.5,0,2,0.0,4,5,0.8,3,0,3,3,2,0,1,4,20,18,3.0,2.0
1627853,460,ryan arcidiacono,1610612752,NYK,16,36,0,5,0.0,0,5,0.0,0,0,0.0,0,7,7,4,1,0,0,4,0,7,0.0,0.0
1631131,462,oscar tshiebwe,1610612754,IND,6,34,8,16,0.5,0,0,0.0,5,6,0.833,6,6,12,2,2,0,0,1,21,28,0.0,0.0
1630611,463,gui santos,1610612744,GSW,5,32,4,10,0.4,1,6,0.167,6,6,1.0,4,7,11,2,0,0,2,3,15,20,1.0,0.0
201577,463,robin lopez,1610612749,MIL,11,32,3,7,0.429,2,5,0.4,2,2,1.0,1,2,3,3,0,1,1,3,10,12,3.0,0.0
1631321,463,sidy cissoko,1610612759,SAS,5,32,1,6,0.167,0,4,0.0,4,4,1.0,0,6,6,0,3,0,1,2,6,9,0.0,3.0
1630314,466,brandon williams,1610612742,DAL,5,30,6,11,0.545,2,3,0.667,2,5,0.4,2,3,5,6,1,1,2,1,16,19,3.0,0.5
1629610,466,daquan jeffries,1610612752,NYK,10,30,5,12,0.417,1,5,0.2,0,2,0.0,0,5,5,2,0,0,1,2,11,8,2.0,0.0
1641926,466,dexter dennis,1610612742,DAL,4,30,10,19,0.526,1,8,0.125,1,3,0.333,1,8,9,4,0,1,3,1,22,22,1.33,0.0
1631197,466,jared rhoden,1610612765,DET,5,30,5,9,0.556,1,4,0.25,2,2,1.0,1,3,4,3,0,0,2,4,13,14,1.5,0.0
1631111,466,wendell moore,1610612750,MIN,10,30,3,5,0.6,0,2,0.0,0,0,0.0,0,3,3,1,3,1,2,3,6,10,0.5,1.5
1630658,471,colin castleton,1610612747,LAL,4,28,5,8,0.625,0,0,0.0,2,2,1.0,3,4,7,3,0,0,0,5,12,19,0.0,0.0
1641730,472,noah clowney,1610612751,BKN,2,27,6,9,0.667,0,1,0.0,2,2,1.0,3,2,5,2,0,0,1,3,14,17,2.0,0.0
1630207,473,nate hinton,1610612745,HOU,5,26,4,9,0.444,4,5,0.8,0,0,0.0,2,3,5,1,0,0,1,5,12,12,1.0,0.0
1641727,474,dariq whitehead,1610612751,BKN,2,24,1,5,0.2,0,3,0.0,1,2,0.5,0,4,4,3,0,1,0,0,3,6,0.0,0.0
201949,474,james johnson,1610612754,IND,5,24,2,5,0.4,0,1,0.0,0,0,0.0,1,3,4,5,4,0,2,4,4,12,2.5,2.0
1629010,476,jerome robinson,1610612744,GSW,6,23,0,7,0.0,0,4,0.0,4,6,0.667,1,2,3,1,0,1,0,1,4,0,0.0,0.0
1641749,476,keyontae johnson,1610612760,OKC,2,23,2,6,0.333,0,1,0.0,0,0,0.0,1,2,3,2,0,0,2,1,4,3,1.0,0.0
1630259,478,jordan ford,1610612758,SAC,6,22,4,7,0.571,2,3,0.667,2,2,1.0,0,2,2,2,0,0,1,0,12,12,2.0,0.0
1630568,478,luka garza,1610612750,MIN,8,22,5,16,0.313,0,5,0.0,5,8,0.625,4,4,8,2,0,0,2,7,15,9,1.0,0.0
1630227,480,daishen nix,1610612750,MIN,6,21,3,8,0.375,2,5,0.4,0,2,0.0,0,1,1,0,1,0,0,0,8,3,0.0,0.0
1630553,480,keon johnson,1610612751,BKN,1,21,3,8,0.375,2,4,0.5,4,4,1.0,0,1,1,1,1,1,1,1,12,10,1.0,1.0
1641816,482,hunter tyson,1610612743,DEN,8,20,1,4,0.25,0,3,0.0,0,0,0.0,0,5,5,1,0,0,0,5,2,5,0.0,0.0
1641771,483,jalen slawson,1610612758,SAC,5,19,2,3,0.667,0,1,0.0,0,0,0.0,0,4,4,2,0,1,2,3,4,8,1.0,0.0
1631159,483,leonard miller,1610612750,MIN,5,19,6,9,0.667,1,3,0.333,0,0,0.0,0,9,9,1,1,1,1,3,13,21,1.0,1.0
201980,485,danny green,1610612755,PHI,2,18,0,2,0.0,0,1,0.0,0,0,0.0,0,2,2,1,1,0,0,1,0,2,0.0,0.0
1630604,486,e.j. liddell,1610612740,NOP,6,17,1,5,0.2,0,4,0.0,2,2,1.0,0,3,3,1,0,2,2,2,4,4,0.5,0.0
1631112,486,kendall brown,1610612754,IND,3,17,2,5,0.4,0,1,0.0,4,6,0.667,2,0,2,1,0,0,0,4,8,6,0.0,0.0
1641757,488,jordan miller,1610612746,LAC,4,16,3,5,0.6,1,1,1.0,0,0,0.0,2,1,3,0,0,0,1,2,7,7,0.0,0.0
1629603,488,mamadi diakite,1610612759,SAS,3,16,4,5,0.8,0,0,0.0,4,6,0.667,1,2,3,2,0,1,0,1,12,15,0.0,0.0
1631262,490,jules bernard,1610612764,WAS,3,15,1,8,0.125,0,6,0.0,0,0,0.0,1,0,1,1,0,0,1,3,2,-4,1.0,0.0
1629660,490,ty jerome,1610612739,CLE,2,15,2,4,0.5,0,1,0.0,0,0,0.0,1,0,1,3,0,0,1,2,4,5,3.0,0.0
1641788,492,alex fudge,1610612747,LAL,4,14,1,6,0.167,0,2,0.0,2,2,1.0,2,0,2,0,0,0,1,1,4,0,0.0,0.0
1630600,492,isaiah mobley,1610612739,CLE,3,14,2,4,0.5,1,2,0.5,0,0,0.0,0,2,2,4,1,0,1,2,5,9,4.0,1.0
1629685,494,dylan windler,1610612747,LAL,4,13,2,3,0.667,2,3,0.667,0,0,0.0,0,1,1,2,0,0,0,2,6,8,0.0,0.0
1641729,495,brice sensabaugh,1610612762,UTA,4,12,2,6,0.333,1,2,0.5,0,0,0.0,1,2,3,2,0,0,0,1,5,6,0.0,0.0
1630643,495,jay huff,1610612743,DEN,5,12,2,4,0.5,0,2,0.0,0,0,0.0,0,1,1,1,0,0,1,3,4,3,1.0,0.0
1629875,495,xavier moon,1610612746,LAC,2,12,1,2,0.5,0,1,0.0,0,0,0.0,0,2,2,3,0,0,1,1,2,5,3.0,0.0
1641766,498,adama sanogo,1610612741,CHI,3,11,3,3,1.0,0,0,0.0,2,3,0.667,2,4,6,0,0,0,1,0,8,12,0.0,0.0
1641735,498,amari bailey,1610612766,CHA,2,11,2,6,0.333,0,2,0.0,1,2,0.5,2,0,2,0,0,0,1,0,5,1,0.0,0.0
1630196,500,filip petrusev,1610612758,SAC,3,9,1,2,0.5,0,0,0.0,1,2,0.5,0,1,1,0,0,0,0,1,3,2,0.0,0.0
1629623,501,lindell wigginton,1610612749,MIL,3,8,2,5,0.4,0,2,0.0,2,2,1.0,0,0,0,0,0,0,1,1,6,2,0.0,0.0
1641741,501,ricky council,1610612755,PHI,3,8,0,1,0.0,0,1,0.0,1,2,0.5,0,0,0,0,0,0,0,1,1,-1,0.0,0.0
1629232,503,kaiser gates,1610612740,NOP,1,7,0,4,0.0,0,2,0.0,0,0,0.0,0,1,1,0,0,0,0,0,0,-3,0.0,0.0
1630695,503,micah potter,1610612762,UTA,2,7,0,1,0.0,0,1,0.0,0,0,0.0,0,4,4,0,0,0,0,0,0,3,0.0,0.0
1631120,505,jd davison,1610612738,BOS,2,6,0,1,0.0,0,1,0.0,2,2,1.0,1,1,2,0,0,0,0,0,2,3,0.0,0.0
1627885,505,shaquille harrison,1610612763,MEM,3,6,1,2,0.5,0,0,0.0,0,0,0.0,0,2,2,0,0,1,0,0,2,4,0.0,0.0
1631102,505,tyty washington,1610612749,MIL,2,6,1,3,0.333,1,2,0.5,0,0,0.0,0,1,1,0,1,0,2,0,3,1,0.0,0.5
1630586,505,usman garuba,1610612744,GSW,2,6,0,1,0.0,0,0,0.0,0,0,0.0,0,0,0,1,1,0,0,1,0,1,0.0,0.0
1629718,509,charlie brown,1610612752,NYK,3,5,1,4,0.25,1,3,0.333,0,0,0.0,0,0,0,0,0,0,2,0,3,-2,0.0,0.0
1628977,509,hamidou diallo,1610612764,WAS,2,5,1,2,0.5,0,0,0.0,0,0,0.0,2,0,2,1,2,0,1,1,2,5,1.0,2.0
1630563,509,joshua primo,1610612746,LAC,1,5,1,2,0.5,0,1,0.0,0,0,0.0,0,0,0,0,0,1,3,0,2,-1,0.0,0.0
1630590,509,scotty pippen,1610612763,MEM,1,5,1,2,0.5,0,0,0.0,1,1,1.0,1,0,1,1,0,0,1,0,3,3,1.0,0.0
1628373,513,frank ntilikina,1610612766,CHA,1,4,0,1,0.0,0,1,0.0,0,0,0.0,0,1,1,1,0,0,1,0,0,0,1.0,0.0
1631210,513,jacob toppin,1610612752,NYK,3,4,0,0,0.0,0,0,0.0,0,0,0.0,0,0,0,1,0,1,0,0,0,2,0.0,0.0
1630548,513,johnny juzang,1610612762,UTA,1,4,0,2,0.0,0,2,0.0,0,0,0.0,0,0,0,1,0,0,0,0,0,-1,0.0,0.0
1641723,513,kobe bufkin,1610612737,ATL,2,4,0,3,0.0,0,1,0.0,1,2,0.5,1,1,2,0,0,0,0,0,1,-1,0.0,0.0
1641806,513,markquis nowell,1610612761,TOR,1,4,0,1,0.0,0,0,0.0,2,2,1.0,2,0,2,2,1,0,0,0,2,6,0.0,0.0
1631243,513,mouhamed gueye,1610612737,ATL,2,4,0,1,0.0,0,1,0.0,0,0,0.0,0,0,0,0,1,0,0,1,0,0,0.0,0.0
1631199,513,ron harper,1610612761,TOR,1,4,0,0,0.0,0,0,0.0,0,0,0.0,0,0,0,1,0,0,0,2,0,1,0.0,0.0
1641809,520,drew peterson,1610612738,BOS,1,3,1,1,1.0,1,1,1.0,0,0,0.0,0,0,0,1,0,0,0,1,3,4,0.0,0.0
1641775,520,jordan walsh,1610612738,BOS,1,3,0,1,0.0,0,1,0.0,0,0,0.0,0,4,4,0,0,0,0,0,0,3,0.0,0.0
1630284,520,kevon harris,1610612753,ORL,1,3,0,0,0.0,0,0,0.0,0,0,0.0,0,1,1,0,0,0,1,1,0,0,0.0,0.0
1630608,520,malcolm cazalon,1610612765,DET,1,3,0,0,0.0,0,0,0.0,0,0,0.0,0,0,0,0,0,0,0,0,0,0,0.0,0.0
1629716,520,marques bolden,1610612749,MIL,2,3,0,0,0.0,0,0,0.0,0,0,0.0,0,2,2,0,0,0,0,1,0,2,0.0,0.0
1641931,520,onuralp bitim,1610612741,CHI,1,3,0,0,0.0,0,0,0.0,0,0,0.0,0,0,0,0,0,0,0,0,0,0,0.0,0.0
1631250,520,pete nance,1610612739,CLE,1,3,0,2,0.0,0,0,0.0,0,0,0.0,0,0,0,0,0,0,0,0,0,-2,0.0,0.0
1631376,527,dmytro skapintsev,1610612752,NYK,2,2,0,1,0.0,0,0,0.0,0,0,0.0,0,0,0,0,0,0,0,0,0,-1,0.0,0.0
1631241,527,javon freeman-liberty,1610612761,TOR,1,2,1,3,0.333,0,0,0.0,0,0,0.0,1,0,1,0,0,0,0,0,2,1,0.0,0.0
1631173,527,terquavion smith,1610612755,PHI,2,2,2,2,1.0,2,2,1.0,0,0,0.0,0,0,0,0,0,0,0,0,6,6,0.0,0.0
1630606,530,javonte smart,1610612755,PHI,1,1,0,0,0.0,0,0,0.0,0,0,0.0,0,0,0,0,0,0,0,0,0,0,0.0,0.0
